parley.mtag.io/nn6r8u,B61FE76AF0F48D37DF78BFC0E9E37867,B61FE76A,1F81
parley.mtag.io/nn6r92,6E54E29D271284EF51FE5BCC241BF331,6E54E29D,35D7
parley.mtag.io/nn6r9a,FBC59EBD7B0E7CDBDC1B5D68EBD0D7FE,FBC59EBD,FBF3
parley.mtag.io/nn6r9s,B3FA99F1B22C73934EA1F974260852C8,B3FA99F1,7EC2
parley.mtag.io/nn6r9z,6C2E9424E94A6A4BC02794816141CD92,6C2E9424,9DA9
parley.mtag.io/nn6ra7,6C2E9424E94A6A4BC02794816141CD92,6C2E9424,9DA9
parley.mtag.io/nn6raf,F8A050443D4662384B44961D28F5B160,F8A05044,F64C
parley.mtag.io/nn6rax,B1D45178746459F0BDC83229612E2C2A,B1D45178,EA46
parley.mtag.io/nn6rb5,B1D45178746459F0BDC83229612E2C2A,B1D45178,EA46
parley.mtag.io/nn6rbd,3E460C98C86051DC48E634C529E210F7,3E460C98,E2DA
